word	imagery	concreteness	syllable_count	char_count	tclex_frequency	tclex_normalized	clc_frequency	clc_normalized	tekcan_frequency	overall_aoa_mean	overall_aoa_sd	child_aoa_mean	child_aoa_sd
açlık	4.24	3.68	2	5	278	33.84	353	80.44	54	1.79	0.94	1.77	0.78
adalet	3.08	1.82	3	6	399	48.56	98	22.33	122	3.61	1.99	2.6	1.13
ahşap	5.48	6.42	2	5	431	52.46	184	41.93	111	3.03	1.69	2.33	0.99
aile	5.91	4.78	3	4	5930	721.76	1828	416.58	753	1.69	0.85	1.53	0.6
ajan	4.48	5.6	2	4	305	37.12	23	5.24	11	4.25	2.11	2.89	1.19
akıl	3.3	2.05	2	4	5553	675.87	5680	1294.4	679	2.2	1.22	1.77	0.75
akıllı	3.19	2.41	3	6	1290	157.01	71	16.18	73	2.07	1.15	1.7	0.73
alet	4.61	6.63	2	4	1931	235.03	263	59.93	137	2.33	1.44	1.78	0.82
alıntı	3.7	4.45	3	6	11	1.34	13	2.96	12	4.45	2.2	2.68	1.19
alışkın	2.33	2.34	3	7	131	15.94	84	19.14	10	2.69	1.67	2.09	1.05
alkol	5.87	6.46	2	5	101	12.29	26	5.93	133	3.56	2.04	2.54	0.91
alt	3.71	4.28	1	3	8651	1,052.94	4899	1116.42	1237	2.18	1.33	1.75	0.72
altın	6.3	6.72	2	5	2301	280.06	1648	375.56	168	2.3	1.27	1.91	0.77
anarşist	4.41	5.66	3	8	2	0.24	6	1.38	3	5.42	2.02	4.06	1.77
anne	6.69	5.84	2	4	17619	2,144.47	17954	4091.47	1037	1.18	0.5	1.06	0.24
anten	6.36	6.87	2	5	383	46.62	35	7.98	12	3.16	1.96	2.1	0.91
araba	6.63	6.87	3	5	5070	617.09	3825	871.67	422	1.62	0.96	1.4	0.54
arkadaş	5.85	5.25	3	7	16713	2,034.20	8059	1836.54	764	1.7	0.83	1.67	0.8
arsa	5.74	6.69	2	4	166	20.2	156	35.55	57	2.76	1.75	2.22	0.93
asker	6.5	6.7	2	5	2729	332.16	982	223.78	181	1.95	1.07	1.83	0.7
atık	3.81	6.04	2	4	1529	186.1	84	19.14	49	3.82	2.11	2.5	1.09
atletik	5.3	4.56	3	7	13	1.58	10	2.28	7	3.86	2.08	2.58	1.11
atmosfer	4.19	5.67	3	8	1118	136.08	43	9.8	70	3.97	1.96	3.16	1.34
atom	3.16	4.73	2	4	639	77.77	36	8.2	52	4.6	2.02	3.47	1.38
avare	3.37	3.07	3	5	2	0.24	15	3.42	2	4.63	2.21	3.38	1.58
avuç	6.2	6.63	2	4	517	62.93	814	185.5	71	1.8	0.92	1.71	0.69
ayakkabı	6.44	6.88	4	8	1630	198.39	867	197.58	147	1.61	0.74	1.63	0.67
ayıp	3.06	1.97	2	4	405	49.29	390	88.88	75	1.83	0.91	1.76	0.74
aykırı	2.74	2.15	3	6	78	9.49	68	15.5	50	3.57	2.01	2.64	1.37
ayna	6.41	6.79	2	4	1311	159.57	844	192.34	144	1.75	0.87	1.63	0.69
azim	2.45	1.88	2	4	110	13.39	18	4.1	10	3.43	1.84	2.51	1.1
baba	6.5	5.92	2	4	18827	2,291.50	15182	3459.77	1024	1.2	0.51	1.14	0.35
bacak	6.5	6.86	2	5	1665	202.65	1038	236.55	185	1.56	0.69	1.54	0.67
bağnaz	2.82	2.49	2	6	2	0.24	8	1.82	3	5.44	2.06	3.8	1.87
bahar	5.46	4.94	2	5	712	86.66	536	123.28	74	1.85	0.82	1.72	0.71
bal	6.37	6.84	1	3	1495	181.96	561	127.84	69	1.67	0.71	1.68	0.64
balık	6.67	6.79	2	5	4851	590.43	1882	428.88	300	1.63	0.68	1.46	0.57
balkon	6.45	6.87	2	6	610	74.25	710	161.8	57	1.99	1.26	1.7	0.71
barınak	5.47	6.43	3	7	191	23.25	80	18.23	16	3.02	1.85	2.17	0.98
barış	3.43	2.44	2	5	989	120.37	752	172.96	67	2.4	1.51	1.81	0.8
başarı	3.56	2.52	3	6	954	116.11	790	180.03	304	4.26	1.98	3.37	1.37
başıboş	2.97	2.82	3	7	40	4.87	58	13.22	20	2.37	1.29	1.98	0.79
basınç	3.25	4.85	2	6	886	107.84	46	10.48	83	3.04	1.69	2.52	1.16
bayi	4.85	6.26	2	4	32	3.89	2	0.46	51	4.42	2.17	2.89	1.5
bayrak	6.51	6.59	2	6	1133	137.9	0	0	55	1.84	0.8	1.77	0.69
bayram	4.71	3.99	2	6	2517	306.35	398	91.54	127	1.66	0.69	1.59	0.63
beceri	2.99	2.95	3	6	892	108.57	157	35.78	63	3.21	1.89	2.21	1.07
bela	2.7	1.93	2	4	283	34.44	326	74.29	58	2.84	1.66	2.19	1
belde	3.71	5.35	2	5	62	7.55	38	8.66	24	4.35	2.12	2.9	1.2
belge	5.03	6.5	2	5	395	48.08	235	53.55	190	3.65	2.05	2.32	1.05
bencil	3.06	2.06	2	6	114	13.88	48	10.94	14	3.76	2.03	2.55	1.07
berber	6.24	6.61	2	6	192	23.37	207	47.17	7	1.99	1.08	1.83	0.69
beyaz	6	5.04	2	5	4058	493.91	1845	424.35	282	1.7	0.8	1.63	0.63
biber	6.51	6.75	2	5	478	58.18	351	79.99	73	1.7	0.78	1.68	0.71
bilek	6.06	6.82	2	5	401	48.81	278	63.35	42	1.69	0.8	1.58	0.63
bilgi	2.65	2.53	2	5	8141	990.87	1919	441.37	985	1.89	0.88	1.77	0.71
bilimci	3.66	5.46	3	7	83	10.1	16	3.65	18	2.5	1.46	1.99	0.82
bilişim	2.6	3.7	3	7	89	10.83	0	0	29	4.33	2.17	2.68	1.2
bina	6.05	6.78	2	4	1380	167.96	800	182.31	313	5.36	2.1	2.92	1.38
bisiklet	6.51	6.86	3	8	1996	242.94	315	71.78	64	1.99	1.12	1.74	0.78
bitki	5.89	6.6	2	5	5355	651.78	657	149.72	234	1.87	1.16	1.59	0.66
bıçak	6.55	6.87	2	5	428	52.09	316	72.01	100	2.11	1.19	1.86	0.72
blok	4.15	5.55	2	4	357	43.45	40	9.12	51	4.19	2.17	2.68	1.19
böcek	6.32	6.75	2	5	2708	329.6	583	132.86	37	2.16	1.25	1.9	0.82
boğa	6.18	6.84	2	4	374	45.52	159	36.57	38	3.22	1.82	2.28	0.94
bölüm	3.1	3.93	2	5	6492	790.16	1194	272.1	682	2.19	1.26	1.97	0.72
borçlu	3.08	4.32	2	6	98	11.93	0	0	32	1.76	0.92	1.69	0.87
boru	6.32	6.89	2	4	727	88.49	181	41.25	80	3.56	2.06	3.02	1.46
boya	5.35	6.43	2	4	3556	432.81	1216	279.68	98	1.5	0.6	1.43	0.55
boza	6.33	6.64	2	4	196	23.86	27	6.15	4	3.19	1.84	2.28	0.94
brüt	2.39	2.99	1	4	33	4.02	2	0.46	6	5.3	2.02	3.49	1.37
bulut	6.45	6.29	2	5	2906	353.7	1732	398.36	66	1.79	0.87	1.65	0.65
bunalım	3.17	1.94	3	7	10	1.22	62	14.13	51	4.34	2.16	2.89	1.49
bunaltı	3.14	3.16	3	7	2	0.24	4	0.91	2	3.93	2.1	2.75	1.28
büro	5.43	6.37	2	4	48	5.84	121	27.57	69	1.85	0.99	1.63	0.64
büyü	2.92	1.78	2	4	293	35.66	3137	721.51	11	4.02	2.07	2.93	1.07
buz	6.42	6.74	1	3	2386	290.41	532	121.24	75	3.41	2.07	2.2	1.13
çabuk	2.98	2.4	2	5	247	30.06	1183	269.59	141	2.21	1.21	1.94	0.81
cadde	6.11	6.52	2	5	441	53.68	457	104.14	320	1.81	0.94	1.76	0.78
çağrı	3.23	3.9	2	5	385	46.86	254	57.88	58	2.6	1.43	2.26	0.98
çamaşır	6.04	6.78	3	7	645	78.51	357	81.36	52	1.89	0.92	1.7	0.68
cami	6.56	6.59	2	4	981	119.4	306	69.73	188	2.36	1.42	2.08	0.92
cansız	4.19	5.29	2	6	222	27.02	0	0	13	5.78	1.9	3.26	1.97
çare	3.26	2.11	2	4	660	80.33	943	214.9	113	2.34	1.37	2	0.85
çehre	4.88	6.02	2	5	40	4.87	6	1.37	15	2.58	1.53	2.01	0.95
ceket	6.39	7	2	5	348	42.36	294	67	64	2.03	1.11	1.83	0.67
çelenk	6.08	6.71	2	6	9	1.1	19	4.33	4	4.17	2.24	3.02	1.67
cenaze	5.4	5.51	3	6	79	9.62	76	17.32	45	3.65	2.01	2.42	1.04
cenin	4.36	5.72	2	5	6	0.73	2	0.46	5	3.34	1.81	1.59	1.01
cennet	3.76	1.76	2	6	378	46.01	217	49.45	84	3.01	1.66	2.31	1.08
çerçeve	6.11	6.76	3	7	365	44.43	166	37.83	179	1.89	1.02	1.77	0.74
cesur	3.49	2.25	2	5	530	64.51	268	61.64	39	3.49	1.99	2.41	1.07
cevap	3.99	4.35	2	5	5911	719.45	1237	281.9	381	1.77	0.92	1.71	0.81
çiçek	6.61	6.67	2	5	5405	657.86	2653	610.19	177	3.23	1.91	2.32	0.91
çiçekçi	6.12	6.53	3	7	60	7.3	0	0	10	3.5	1.93	3.11	1.49
cihaz	4.76	6.43	2	5	1316	160.17	130	29.63	173	3.42	1.81	2.82	1.08
çikolata	6.49	6.91	4	8	968	117.82	675	153.82	115	2.09	1.21	1.86	0.94
cinayet	4.5	4.71	3	7	26	3.16	82	18.69	105	2.18	1.33	1.81	0.8
çirkin	4.08	2.61	2	6	224	27.26	373	85	63	1.58	0.66	1.45	0.6
cisim	3.64	5.84	2	5	1693	206.06	95	21.65	68	2.21	1.44	1.7	0.77
çığlık	4.6	5.2	2	6	562	68.4	1087	247.71	74	1.78	1.19	1.5	0.58
cılk	2.4	3.03	1	4	4	0.49	3	0.68	3	1.96	1.14	1.64	0.72
çocuk	6.36	6.45	2	5	25337	3,083.85	18314	4173.51	2326	1.51	0.76	1.44	0.6
çömlek	5.18	6.85	2	6	129	15.7	102	23.24	12	2.65	1.63	2.46	1.24
çubuk	5.13	6.47	2	5	1193	145.2	228	51.96	45	1.86	1.08	1.58	0.7
çukur	5.93	6.39	2	5	694	84.47	350	79.76	70	2.11	1.11	2	0.78
damar	5.29	6.52	2	5	363	44.18	141	32.13	96	2.68	1.4	2.3	0.89
damla	5.87	6.64	2	5	826	100.54	837	192.51	84	2.14	1.14	1.97	0.79
dans	4.96	5.1	1	4	2094	254.87	563	128.3	68	2.37	1.71	1.76	0.73
davet	4.26	3.66	2	5	911	110.88	397	90.47	53	2.91	1.66	2.18	0.84
dayak	4.67	4.85	2	5	85	10.35	189	43.07	76	1.84	0.87	1.86	0.91
dede	6.39	6.48	2	4	6543	796.37	3752	862.96	118	1.52	0.71	1.42	0.58
delik	5.65	6.09	2	5	1712	208.37	585	133.31	111	1.87	0.95	1.76	0.77
demir	5.5	6.77	2	5	1152	140.21	672	154.56	135	2.08	0.99	1.87	0.76
deniz	6.49	6.57	2	5	6548	796.98	4620	1062.6	509	1.84	1.14	1.58	0.62
depo	5.58	6.67	2	4	591	71.93	205	46.72	92	2.96	1.65	2.19	0.82
dere	5.96	6.86	2	4	1047	127.43	937	213.53	58	1.97	0.91	1.79	0.74
deri	5.55	6.74	2	4	1064	129.5	481	109.61	204	2.19	1.25	2.04	1.12
dert	3.44	2.16	1	4	1059	128.89	1650	376.01	158	3.27	1.88	2.41	0.9
devlet	3.73	3.73	2	6	1251	152.26	678	154.51	902	3.11	1.67	2.57	1.04
deyim	3.11	2.84	2	5	1068	129.99	198	45.12	60	3.38	1.74	2.67	0.84
dikiş	5.52	6.33	2	5	246	29.94	16	3.65	24	2.18	1.18	1.97	0.79
din	3.38	2.22	1	3	1231	149.83	204	46.49	261	2.22	1.23	2.01	1
dinamik	3	2.76	3	7	17	2.07	2	0.46	81	4.26	2.14	2.71	1.19
dizgin	3.42	5.31	2	6	75	9.13	82	18.69	8	3.87	2.18	2.7	1.42
dostluk	4.07	1.97	2	7	408	49.66	358	81.58	86	2.57	1.54	1.95	0.86
dram	2.82	2.84	1	4	24	2.92	10	2.28	50	4.15	2.05	3.04	1.31
dua	4	2.84	2	3	1319	160.54	373	85	51	1.82	0.85	1.75	0.76
dudak	6.46	6.8	2	5	412	50.15	975	222.19	157	1.71	0.78	1.63	0.74
dükkân	6.17	6.73	2	6	1414	172.1	972	221.51	205	2.99	1.87	2.03	0.86
dürüst	3.3	2.09	2	6	311	37.85	323	73.61	54	1.89	1	1.76	0.72
duygulu	3.44	2.02	3	7	7	0.85	0	0	16	2.84	1.73	2.06	0.92
ebleh	1.85	2.67	2	5	1	0.12	0	0	2	5.71	1.99	3.3	2.2
ekonomi	3.21	3.47	4	7	209	25.44	55	12.53	336	4.33	2.07	2.87	1.13
ekran	6.27	6.74	2	5	1154	140.46	451	102.78	144	3.4	2.2	2	0.83
elektrik	4.57	5.31	4	8	3228	392.89	291	66.31	260	2.3	1.45	1.99	0.78
elem	2.32	1.78	2	4	6	0.73	10	2.28	11	4.44	2.26	2.82	1.67
eleştirmen	3.8	5.34	4	10	24	2.92	10	2.28	22	4.68	2.11	3.06	1.29
elma	6.73	6.95	2	4	1918	233.45	718	163.62	64	1.52	0.65	1.51	0.58
enerjik	3.65	2.69	3	7	50	6.09	16	3.65	14	3.95	2.08	2.86	1.25
engel	3.97	4.42	2	5	1124	136.81	490	111.66	126	2.75	1.61	2.08	0.88
enginar	5.59	6.74	3	7	30	3.65	31	7.06	31	3.92	2.22	2.76	1.39
erozyon	4.26	6.01	3	7	109	13.27	1	0.23	21	4.09	1.94	2.99	1.04
eşek	6.4	6.8	2	4	721	87.76	0	0	52	2.89	1.77	2.27	1.23
esinti	3.99	5.36	3	6	78	9.49	168	38.28	17	3.14	1.81	2.32	1.04
esir	4.64	5.06	2	4	349	42.48	126	28.98	30	3.61	2	2.4	0.91
eşit	3.57	2.78	2	4	1463	178.07	155	35.32	103	1.59	0.68	1.52	0.58
espri	3.61	2.76	2	5	433	52.7	179	40.79	28	2.72	1.6	2.05	0.86
eşsiz	2.16	2.35	2	5	241	29.33	0	0	36	3.7	2.04	2.48	1.08
eşya	5.15	6.56	2	4	2570	312.8	1009	229.94	199	1.7	0.86	1.47	0.58
et	6.43	6.76	1	2	6143	747.69	30631	7045.13	259	1.67	0.78	1.5	0.6
etken	2.57	2.98	2	5	335	40.77	36	8.2	104	4.3	2.18	3.01	1.71
ev	6.54	6.69	1	2	19692	2,396.78	14638	3335.8	1887	1.45	0.59	1.37	0.52
evlat	5.29	6	2	5	2226	270.93	410	93,43	78	2.34	1.31	2.03	0.83
evrensel	2.27	2.2	3	8	58	7.06	18	4.1	55	4.71	2.18	2.95	1.41
faiz	3.24	4.15	2	4	8	0.97	13	2.96	216	4.84	2.05	3.34	1.23
faks	5.78	6.66	1	4	12	1.46	22	5.01	129	5	2.09	3.06	1.26
fâni	2.49	2.45	2	4	14	1.7	17	3.87	9	4.08	2.19	2.6	1.28
fazlalık	3.12	3.99	3	8	8	0.97	0	0	17	3.02	1.74	2.28	0.89
felaket	3.86	3.4	3	7	237	28.85	140	32.2	68	3.06	1.72	2.36	0.98
festival	5.04	5.07	3	8	427	51.97	26	5.93	25	4.27	2.08	2.7	1.02
fincan	6.47	6.94	2	6	200	24.34	240	55.2	15	2.01	1.15	1.75	0.77
fırça	6.11	6.73	2	5	794	96.64	176	40.11	52	2.04	1.05	1.92	0.75
fobi	3.28	2.15	2	4	3	0.37	13	2.96	3	4.47	2.15	2.89	1.29
formül	4.08	4.58	2	6	208	25.32	63	14.36	50	4.19	2.02	2.89	1.25
fotoğraf	6.27	6.62	3	8	4899	596.27	1238	282.12	335	1.87	1.04	1.75	0.7
fuar	5.29	5.89	2	4	227	27.63	29	6.61	102	3.85	2.09	2.64	1.24
füze	5.99	6.7	2	4	84	10.22	17	3.87	13	4.04	2.14	2.54	1.1
gaddar	3.05	2.59	2	6	22	2.68	10	2.28	2	3.94	2.03	2.82	1.28
garanti	2.78	3.16	3	7	91	11.08	28	6.38	72	4.13	2.14	2.5	1.09
garson	6.24	6.61	2	6	118	14.36	138	31.45	90	2.77	1.69	2.09	0.83
gazete	6.51	6.81	3	6	949	115.51	1161	264.58	532	2.09	1.21	1.78	0.81
geçerlik	1.62	1.63	3	8	0	0	0	0	4	4.49	2.22	2.74	1.44
gelin	6.18	6.28	2	5	176	21.42	1014	233.22	67	2	1.09	1.81	0.74
gemi	6.61	6.92	2	4	4285	521.54	1018	231.99	164	2.05	1.27	1.61	0.7
gerçeklik	1.89	2.06	3	9	25	3.04	0	0	35	3.87	2.11	2.42	1.13
gezi	4.6	4.98	2	4	884	107.59	759	172.97	74	2.21	1.33	1.77	0.77
girift	1.52	2.92	2	6	0	0	0	0	5	2.41	1.4	2.1	1.13
giyim	5.71	5.45	2	5	140	17.04	157	35.78	74	6.01	1.84	2.84	1.77
giysi	6.08	6.54	2	5	1531	186.34	1303	296.94	125	1.88	1	1.67	0.75
gıcırtı	4.03	5.29	3	7	38	4.63	74	16.86	12	2.02	1.24	1.72	0.68
göl	6.38	6.76	1	3	2568	312.56	832	189.6	115	2.19	1.15	1.94	0.96
gölge	5.05	5.55	2	5	1598	194.5	906	208.38	105	2.37	1.52	1.79	0.8
gömlek	6.64	6.89	2	6	444	54.04	416	94.8	73	1.9	0.95	1.65	0.73
gözlük	6.63	6.87	2	6	782	95.18	0	0	78	1.95	1.27	1.62	0.6
gravür	2.68	5.63	3	6	7	0.85	2	0.46	3	6.12	1.78	3.43	1.85
gül	6.42	6.79	1	3	213	25.92	7413	1704.99	116	3.11	1.83	2.23	1
gülüş	5.32	4.66	2	5	169	20.57	298	67.91	28	1.75	0.81	1.63	0.65
gün	3.22	3.81	1	3	22513	2,740.13	16351	3760.73	2633	1.96	1.12	1.8	0.91
gündüz	4.94	5.27	2	6	947	115.26	607	139.61	57	1.62	0.59	1.51	0.55
güney	4.25	3.66	2	5	1530	186.22	682	156.86	138	1.71	0.85	1.53	0.68
gürültü	4.55	5.29	3	7	788	95.91	915	208.52	131	2.67	1.41	2.2	0.89
gurur	2.68	1.69	2	5	726	88.36	423	96.4	60	2	1.17	1.84	0.78
haber	4.21	4.55	2	5	4735	576.31	3157	719.44	598	2.43	1.42	1.83	0.69
hacim	3.5	4.94	2	5	358	43.57	11	2.51	66	3.7	1.8	3.19	1.1
haksız	2.67	2.3	2	6	276	33.59	0	0	55	2.83	1.66	2.17	0.96
hamile	6.44	6.45	3	6	16	1.95	49	11.17	35	2.15	1.2	1.93	0.79
hamur	5.91	6.55	2	5	889	108.2	193	44.39	85	1.81	0.87	1.69	0.68
haraç	3.52	5.02	2	5	6	0.73	12	2.73	8	4.57	2.12	3.01	1.37
harf	5.56	6.02	1	4	4280	520.93	549	125.11	93	2	0.91	1.98	0.78
harika	2.87	1.44	3	6	2347	285.66	619	142.37	77	2.48	1.62	1.81	0.76
harita	6.26	6.7	3	6	1766	214.95	435	99.13	61	2.59	1.28	2.28	0.78
hasar	3.94	4.47	2	5	163	19.84	22	5.01	62	3.32	1.87	2.33	1.01
haşarı	3.99	2.85	3	6	1	0.12	17	3.87	5	3.31	1.98	1.66	0.67
hastane	6.34	6.68	3	7	899	109.42	422	96.17	209	1.91	1.11	3.03	1.39
hata	3.16	2.9	2	4	1300	158.23	318	72.47	215	2.1	1.11	1.9	0.81
havuz	6.45	6.83	2	5	891	108.45	509	115.99	71	2.29	1.49	1.79	0.77
hayat	2.91	3	2	5	7305	889.12	1994	458.62	1024	2.46	1.45	1.87	0.82
haydut	4.95	5.87	2	6	83	10.1	131	29.85	9	3.35	1.9	2.63	1.24
hayret	2.95	1.9	2	6	363	44.18	234	53.33	60	2.65	1.55	2.17	0.99
hayta	2.46	2.74	2	5	14	1.7	19	4.33	2	4.4	2.18	3.41	1.74
hayvan	6.1	6.49	2	6	8365	1,018.13	2486	566.53	334	1.58	0.68	1.52	0.68
haz	2.93	1.59	1	3	54	6.57	42	9.57	41	4.84	2.19	3.13	1.52
heykel	6.26	6.78	2	6	974	118.55	639	145.62	69	2.67	1.55	2.17	0.98
hizmet	3.46	2.95	2	6	650	79.11	402	91.61	471	3.01	1.81	2.5	1.1
hırçınlık	3.21	2.1	3	9	0	0	16	3.65	6	3.48	1.94	2.41	1.07
hırs	2.83	1.71	1	4	144	17.53	229	52.19	66	3.24	1.83	2.27	0.93
hormon	3.02	5.36	2	6	166	20.2	26	5.93	59	5.03	2.14	3.37	1.55
horultu	4.85	5.36	3	7	19	2.31	50	11.39	2	2.76	1.63	2.23	1.01
hoşnut	3.42	2.19	2	6	50	6.09	221	50.83	6	3.6	1.96	2.74	1.36
hukuk	3.32	3.79	2	5	117	14.24	66	15.04	182	4.33	2.12	2.71	0.99
hüzün	3.41	1.68	2	5	220	26.78	340	77.48	75	3.05	1.84	2.25	1.27
ibadet	4.6	2.67	3	6	335	40.77	38	8.66	73	1.94	1.06	1.82	0.79
içki	6.02	6.44	2	4	68	8.28	175	39.88	141	1.79	0.82	1.75	0.66
ideal	2.52	1.64	3	5	59	7.18	34	7.75	107	2.05	1.13	2.01	0.82
iğde	5.22	6.37	2	4	44	5.36	26	5.93	7	2.73	1.72	2	0.85
ihmal	2.36	2.24	2	5	223	27.14	89	20.28	19	2.54	1.5	2.19	1.08
iklim	3.86	4.59	2	5	908	110.52	110	25.07	58	3.06	1.92	2.27	0.94
ilaç	6.36	6.56	2	4	1066	129.75	544	123,97	233	4.61	2.17	2.95	1.41
ilgi	3.05	2.08	2	4	1945	236.73	1196	272.55	347	3.31	2.01	2.74	1.47
imaj	2.94	2.69	2	4	24	2.92	15	3.42	88	3.2	1.91	2.34	1.1
imza	5.8	6.02	2	4	376	45.76	338	77.03	111	2.86	1.43	2.56	0.94
inanç	3.01	1.47	2	5	335	40.77	279	63.58	208	1.88	0.98	1.77	0.75
incir	6.31	6.88	2	5	245	29.82	187	42.61	27	2.71	1.66	2	0.88
indirim	3.97	4.51	3	7	171	20.81	17	3.87	55	4.78	2.13	2.87	1.35
insanlık	3.13	1.95	3	8	17	2.07	0	0	119	2.98	1.65	2.23	0.88
ip	6.25	6.84	1	2	2579	313.9	1081	246.35	96	2.68	1.48	2.19	0.95
ipek	5.11	6.24	2	4	407	49.54	353	81.19	54	1.81	0.89	1.71	0.71
işaret	3.77	5.18	3	6	5671	690.24	1407	320.64	127	3.83	2.1	2.26	1.04
ishal	4.67	5.72	2	5	25	3.04	12	2.73	32	2.92	1.68	2.23	1.05
iskele	5.93	6.71	3	6	140	17.04	232	52.87	50	1.62	0.75	1.56	0.58
iskelet	6.03	6.72	3	7	246	29.94	109	25.07	26	2.83	1.69	2.1	0.99
işlemci	3.15	5.76	3	7	93	11.32	4	0.91	10	2.33	1.4	2.08	1
itiraz	3.6	2.48	3	6	315	38.34	268	61.07	53	2.91	1.88	2.38	1.26
iyi	2.76	1.42	2	3	22427	2,729.67	12580	2866.81	1907	2.85	1.53	2.33	1.03
iyilik	2.79	1.46	3	6	240	29.21	0	0	47	2.14	1.22	1.79	0.72
izlenim	2.23	2.46	3	7	69	8.4	78	17.78	56	4.91	2.15	2.85	1.33
ılık	4.16	4.63	2	4	184	22.4	160	36.46	54	3.08	1.75	2.43	0.93
ıslak	5.25	5.91	2	5	313	38.1	329	74.97	50	1.86	1.05	1.57	0.64
ıslık	4.81	5.49	2	5	225	27.39	236	53.78	20	1.95	0.98	1.66	0.69
ısrar	2.84	2.04	2	5	365	44.43	424	96.62	52	4.43	2.19	2.63	1.24
kabin	5.59	6.7	2	5	150	18.26	79	18	34	3.78	2.07	2.49	1.09
kablo	6.07	6.87	2	5	535	65.12	59	13.45	90	2.48	1.51	1.93	0.79
kaçak	3.78	4.29	2	5	171	20.81	154	35.09	54	3.29	1.86	2.39	1.01
kadeh	6.35	6.75	2	5	32	3.89	42	9.66	65	3.45	2.04	2.65	1.21
kadın	6.27	6.24	2	5	2733	332.64	5159	1186.57	1898	1.77	0.93	1.52	0.58
kafiye	4.27	3.93	3	6	56	6.82	8	1.82	14	4.35	2.01	3.67	1.42
kâğıt	6.56	6.83	2	5	5527	672.71	2280	524.4	323	1.7	0.82	1.59	0.63
kahpe	3.5	3.46	2	5	1	0.12	13	2.99	3	4.6	2.19	3.11	1.46
kahvaltı	6.25	6.37	3	8	1409	171.49	803	182.99	71	1.71	0.9	1.59	0.66
kambur	5.41	5.79	2	6	151	18.38	77	17.55	13	2.87	1.61	2.49	1.03
kamera	6.58	6.76	3	6	1077	131.09	356	81.13	87	3.51	2.25	1.97	0.84
kamyon	6.49	6.96	2	6	612	74.49	218	49.68	84	1.86	0.97	1.67	0.68
kan	6.09	6.7	1	3	1640	199.61	1878	431.94	371	1.71	0.82	1.63	0.74
kanca	5.39	6.72	2	5	171	20.81	26	5.93	4	3.04	1.81	2.43	1.16
kapak	5.63	6.69	2	5	1536	186.95	845	192.56	142	1.84	1.01	1.64	0.74
kapı	6.74	6.86	2	4	7543	918.08	9025	2056.68	817	1.56	0.7	1.53	0.63
kapüşon	4.42	6.28	3	7	39	4.75	21	4.79	4	3.45	2.14	2.31	1.21
karar	3.23	2.47	2	5	3826	465.68	3805	875.15	622	2.99	1.76	2.23	0.91
kararlı	2.74	2.46	3	7	307	37.37	0	0	66	3.17	1.82	2.17	1.01
kargo	4.94	6.11	2	5	252	30.67	27	6.15	11	4.52	2.2	2.6	1.14
karınca	6.44	6.88	3	7	1776	216.16	1291	294.2	33	1.6	0.62	1.65	0.59
karışık	3.5	2.9	3	7	694	84.47	269	61.3	58	2.34	1.36	1.91	0.73
karton	5.46	6.77	2	6	1470	178.92	120	27.35	22	2.13	1.14	1.89	0.71
kas	5.49	6.51	1	3	785	95.55	266	61.18	172	2.72	1.59	2.07	0.95
kaşık	6.71	6.86	2	5	1007	122.57	256	58.34	102	4.2	2.22	3.45	1.64
kasnak	4.02	6.36	2	6	25	3.04	1	0.23	2	1.5	0.61	1.42	0.53
katil	4.42	5.82	2	5	124	15.09	99	22.77	68	2.81	1.7	2.19	1.03
kavga	4.13	3.77	2	5	561	68.28	841	191.65	99	1.82	0.98	1.75	0.8
kaygan	4.74	4.96	2	6	85	10.35	57	12.99	14	2.78	1.69	2.19	0.85
kayıp	2.85	3.04	2	5	962	117.09	545	124.2	161	2.18	1.07	2.05	0.71
kayısı	6.63	6.82	3	6	243	29.58	118	26.89	17	1.84	0.96	1.64	0.66
kazanç	3.54	4.1	2	6	156	18.99	91	20.74	65	3.2	1.83	2.28	0.89
kelebek	6.64	6.8	3	7	1304	158.71	195	44.44	19	1.62	0.64	1.53	0.64
kemik	6.21	6.82	2	5	1420	172.83	371	84.55	159	2.19	1.12	2.14	0.79
kepenk	5.91	6.76	2	6	31	3.77	40	9.12	16	3.62	2.02	2.84	1.4
kimya	3.58	4.49	2	5	307	37.37	262	59.71	50	1.77	0.93	1.66	0.69
kimyon	5.11	6.69	2	6	28	3.41	5	1.14	5	1.66	0.7	1.54	0.64
kitap	6.77	6.65	2	5	10945	1,332.15	6078	1385.09	816	1.7	0.73	1.54	0.61
kırık	5.03	5.72	2	5	779	94.81	715	162.94	75	1.53	0.84	1.38	0.63
kırmızı	6.42	4.32	3	7	4129	502.55	1938	441.64	224	4.53	2.04	3.18	1.43
kış	5.83	5.15	1	3	3039	369.89	1004	228.8	123	3.98	2.12	2.8	1.21
kız	6.32	6.11	1	3	7030	855.65	14626	3363.98	1088	1.65	0.69	1.54	0.65
koç	6.13	6.71	1	3	225	27.39	198	45.54	12	2.01	1.08	1.89	0.86
komik	3.91	2.59	2	5	1233	150.07	599	136.5	50	2.14	1.34	1.7	0.73
komşu	5.41	5.76	2	5	2449	298.08	1319	300.58	132	1.71	0.89	1.61	0.73
konfor	3.82	2.94	2	6	27	3.29	15	3.42	54	4.05	2.13	2.68	1.09
köpük	5.78	6.49	2	5	521	63.41	449	102.32	54	2.42	1.52	2	0.91
koridor	5.76	6.4	3	7	593	72.18	549	125.11	41	1.8	0.93	1.82	0.85
korku	3.7	1.4	2	5	1548	188.41	2391	544.88	278	2.38	1.53	1.95	0.77
korkunç	3.48	2.3	2	7	821	99.93	633	144.25	91	2.25	1.31	1.96	0.83
koyu	4.01	3.91	2	4	624	75.95	427	97.31	65	2.19	1.22	1.92	0.82
kral	5.51	5.33	2	4	1620	197.18	1538	350.49	78	2.27	1.46	1.8	0.77
krem	5.79	6.61	1	4	207	25.19	81	18.63	71	2.29	1.41	1.97	0.79
kulak	6.6	6.75	2	5	3920	477.12	2797	637.4	311	1.53	0.66	1.45	0.58
külhan	2.45	3.49	2	6	0	0	6	1.37	2	1.81	0.93	1.71	0.72
külot	6.36	6.89	2	5	9	1.1	13	2.96	11	2.73	1.72	2.06	0.89
kültür	3.56	2.41	2	6	1459	177.58	251	57.2	485	1.45	0.6	1.39	0.54
kum	6.31	6.62	1	3	1553	189.02	558	127.16	75	3.82	2.05	2.6	1.09
kural	3.67	2.9	2	5	3894	473.95	474	108.02	308	1.87	1.03	1.62	0.63
kuş	6.25	6.81	1	3	6773	824.36	4601	1048.51	129	2.8	1.68	2.17	0.84
kuşku	2.68	1.58	2	5	54	6.57	895	203.96	82	4.33	2.23	2.85	1.52
kutu	6.27	6.84	2	4	6149	748.42	1367	311.52	126	1.63	0.78	1.59	0.63
kuyumcu	6.02	6.36	3	7	70	8.52	67	15.27	15	5.04	2.2	3.32	1.62
kuzgun	3.37	5.65	2	6	180	21.91	20	4.56	3	1.65	0.96	1.5	0.55
kuzu	6.54	6.79	2	4	565	68.77	576	131.26	57	3.82	1.99	2.58	1.03
lamba	6.36	6.84	2	5	1023	124.51	663	151.09	83	1.84	0.87	1.74	0.69
lehçe	3.27	3.91	2	5	4	0.49	7	1.6	1	5.17	2.07	3.65	1.61
lezzet	4.03	4.18	2	6	212	25.8	190	43.3	95	2	1.09	1.72	0.72
liman	6.03	6.52	2	5	589	71.69	188	42.84	76	3.18	1.84	2.54	1.13
limon	6.57	6.93	2	5	712	86.66	104	23.7	60	1.72	0.89	1.57	0.58
lirik	2.54	2.22	2	5	1	0.12	3	0.68	2	5.46	1.94	4.36	1.76
lise	6.02	5.8	2	4	267	32.5	309	70.42	148	3.05	1.66	2.59	1.12
lokanta	6.32	6.71	3	7	216	26.29	172	39.2	141	2.27	1.34	1.94	0.73
lüks	3.88	2.89	1	4	63	7.67	102	23.24	91	3.47	2.04	2.26	1.11
maaş	4.89	5.22	2	4	143	17.41	58	13.22	108	3.26	1.81	2.32	0.94
mağara	6.09	6.71	3	6	1310	159.44	716	163.17	20	2.42	1.34	2.09	0.79
makyaj	5.39	5.93	2	6	119	14.48	62	14.13	79	3.37	2.17	2.2	0.99
manken	6.3	6.28	2	6	36	4.38	95	21.65	58	3.65	2.14	2.27	0.88
marka	4.27	4.66	2	5	144	17.53	73	16.64	170	4.01	2.2	2.36	1.04
masa	6.42	6.9	2	4	2657	323.39	2854	650.39	401	1.48	0.75	1.4	0.54
mayın	5.4	6.7	2	5	53	6.45	22	5.01	1	4.4	2.1	2.82	1.16
maytap	5.12	6.64	2	6	7	0.85	2	0.46	3	3.42	2.08	2.93	1.57
medya	4.7	4.68	2	5	150	18.26	35	7.98	192	4.8	2.08	3.11	1.23
mektup	6.22	6.89	2	6	1924	234.18	1114	253.87	240	2.29	1.08	2.16	0.83
memur	5.94	6.27	2	5	292	35.54	298	67.91	191	2.74	1.62	2.31	0.94
meraklı	3.75	2.36	3	7	695	84.59	0	0	71	2.53	1.5	2	0.87
metal	5.32	6.51	2	5	975	118.67	131	29.85	87	3.1	1.82	2.26	1.17
meyve	6.31	6.63	2	5	4070	495.37	626	142.66	186	1.7	0.84	1.49	0.6
mezar	6.11	6.21	2	5	277	33.71	400	91.15	78	2.29	1.42	2.07	0.92
minder	6.31	6.86	2	6	135	16.43	161	36.69	24	3.29	1.61	2.82	0.99
mineral	3.23	5.47	3	7	369	44.91	12	2.73	52	3.52	1.91	2.81	1.16
miras	3.64	5.25	2	5	433	52.7	96	21.88	52	4.63	2.13	2.97	1.09
misafir	5.36	6.07	3	7	1561	189.99	294	67	66	1.84	0.92	1.83	0.74
mısra	4.75	5.31	2	5	74	9.01	13	2.99	20	4.58	2.08	3.4	1.53
mızrak	5.28	6.83	2	6	115	14	116	26.43	4	3.9	2.08	2.57	1.12
mızrap	3.91	6.15	2	6	18	2.19	3	0.68	1	1.73	0.78	1.66	0.61
mobilya	6.14	6.76	3	7	118	14.36	29	6.61	89	2.37	1.6	1.77	0.8
moda	3.94	3.43	2	4	211	25.68	126	28.71	133	3.44	2.05	2.23	0.94
monitör	6.14	6.76	3	7	67	8.15	11	2.51	23	4.79	2.22	2.87	1.2
moral	3.08	1.84	2	5	348	42.36	146	33.27	55	3.33	1.87	2.36	0.89
muaf	3.2	2.27	2	4	5	0.61	0	0	1	5.16	2.15	3.56	1.8
müftülük	3.64	3.96	3	8	0	0	0	0	1	5.58	1.92	3.89	1.56
mühendis	4.63	5.49	3	8	768	93.48	366	83.41	108	1.7	0.88	1.45	0.58
müşfik	1.82	2.35	2	6	4	0.49	2	0.46	2	2.48	1.45	2.03	0.79
muson	3.08	4.7	2	5	13	1.58	6	1.37	1	1.95	1.47	1.42	0.55
mutfak	6.24	6.75	2	6	1646	200.34	1219	277.79	365	4.54	2.15	3.28	1.52
mutluluk	3.72	1.85	3	8	277	33.71	0	0	151	3.24	1.76	2.44	0.97
muz	6.73	6.92	1	3	800	97.37	111	25.3	67	5.26	2.16	3.98	1.91
müzik	5.49	5.34	2	5	3471	422.47	913	208.06	399	1.91	1.07	1.7	0.71
nakavt	4.28	3.85	2	6	6	0.73	1	0.23	1	4.61	2.18	3.29	1.51
namaz	5.51	3.94	2	5	874	106.38	158	36.01	112	2.11	1.2	1.97	0.86
nefes	4.52	5.68	2	5	1748	212.76	848	193.25	128	1.89	1.02	1.63	0.71
nehir	6.25	6.67	2	5	906	110.27	394	90.62	53	2.54	1.36	2.11	0.78
nesil	2.71	3.32	2	5	351	42.72	51	11.62	64	3.75	1.97	2.61	0.95
nezle	5.18	5.2	2	5	29	3.53	17	3.87	13	2.19	1.16	2.05	0.79
nişancı	4.79	6.02	3	7	9	1.1	8	1,82	1	3.67	1.95	2.64	1.13
noksan	2.99	3	2	6	8	0.97	12	2.73	6	3.45	1.97	2.97	1.22
öğlen	4.23	4.23	2	5	259	31.52	128	29.17	18	3.26	1.77	2.72	1.06
öğrenci	6.39	6.18	3	7	5386	655.55	1400	319.04	407	1.78	0.86	1.7	0.65
oksijen	3.81	5.69	3	7	844	102.73	46	10.48	80	3.53	1.95	2.46	0.89
okul	6.44	6.6	2	4	10248	1,247.32	4922	1121.66	565	1.85	0.91	1.61	0.71
olaylı	3.24	2.61	3	6	2	0.24	0	0	1	4.29	2.13	2.81	1.38
ölü	4.97	6.17	2	3	285	34.69	501	114.17	110	1.7	0.84	1.62	0.6
ölüm	3.56	2.34	2	4	587	71.45	928	211.48	392	2.26	1.22	2.13	0.87
omuz	6.32	6.86	2	4	836	101.75	646	147.21	100	1.8	0.82	1.66	0.67
öncülük	3.2	2.23	3	7	72	8.76	13	2.96	14	2.67	1.68	1.84	0.81
önem	2.94	1.95	2	4	6263	762.29	2531	576.78	351	1.99	1.12	1.67	0.67
onursuz	2.71	1.98	3	7	1	0.12	0	0	1	4.79	2.19	3.05	1.58
orman	6.43	6.57	2	5	3997	486.49	2044	465.8	217	1.82	0.89	1.66	0.65
örnek	2.94	3.96	2	5	5303	645.45	695	158.38	417	2.04	0.97	1.89	0.76
örtü	6.04	6.75	2	4	620	75.46	465	105.97	81	2.16	1.24	1.89	0.81
oruç	4.87	3.03	2	4	549	66.82	27	6.15	62	2.19	1.39	1.98	0.78
ot	6.29	6.79	1	2	961	116.97	836	190.51	70	4.05	2.08	2.84	1.35
otel	6.06	6.62	2	4	266	32.38	995	226.75	183	2.88	1.7	2.05	0.89
otobüs	6.53	6.86	3	6	1905	231.86	0	0	213	2.61	1.34	2.22	0.79
ötücü	2.62	3.96	3	5	18	2.19	13	2.96	1	1.92	0.93	1.79	0.72
övgü	2.81	1.77	2	4	121	14.73	176	40.48	29	3.38	1.97	2.77	1.32
oynaş	2.92	3.59	2	5	1	0.12	109	25.07	1	3.25	2.36	2.47	1.03
özet	3.92	4.73	2	4	228	27.75	53	12.08	68	2.89	1.47	2.33	0.75
özgür	3.61	2.08	2	5	178	21.66	1034	237.82	72	3.39	2.02	2.13	1
özlem	3.17	1.64	2	5	267	32.5	902	207.46	73	2.59	1.56	2.08	0.94
palto	6.34	6.77	2	5	107	13.02	152	34.64	25	2.19	1.25	1.96	0.83
pamuk	6.24	6.77	2	5	629	76.56	484	111.32	55	1.97	1	1.74	0.74
papatya	6.33	6.89	3	7	423	51.48	341	78.43	12	1.74	0.82	1.63	0.64
para	6.38	6.41	2	4	5909	719.2	3644	830.42	1046	1.7	0.8	1.56	0.64
parke	5.73	6.91	2	5	32	3.89	43	9.8	16	4.11	2.15	2.7	1.07
parmak	6.49	6.89	2	6	2428	295.52	0	0	226	1.58	0.73	1.57	0.62
paslı	4.79	5.91	2	5	35	4.26	0	0	1	2.65	1.52	2.36	1.13
pasta	6.48	6.77	2	5	1410	171.62	514	117.13	79	1.99	1.29	1.75	0.66
paten	6.06	6.77	2	5	312	37.97	18	4.1	3	3.59	2.22	2.32	1.06
patik	5.75	6.66	2	5	51	6.21	11	2.51	1	1.68	0.91	1.62	0.67
patron	5.36	5.81	2	6	615	74.85	324	73.84	102	3.41	2.06	2.17	0.94
pay	3.43	4.03	1	3	416	50.63	262	59.71	152	3.2	1.81	2.52	0.84
pencere	6.54	6.93	3	7	1940	236.12	0	0	276	1.68	0.8	1.54	0.65
pense	5.79	6.94	2	5	57	6.94	4	0.91	2	3.22	1.81	2.46	1.03
peşinatsız	2.54	3.83	4	10	0	0	0	0	1	5.37	2.05	3.3	1.49
petrol	5.57	6.56	2	6	251	30.55	43	9.8	150	3.49	1.84	2.53	0.88
peynir	6.43	6.88	2	6	1503	182.94	373	85	143	1.5	0.61	1.39	0.51
pide	6.28	6.88	2	4	163	19.84	15	3.42	11	4.6	2.15	3.13	1.53
pilav	6.58	6.85	2	5	272	33.11	131	29.85	53	2.05	1.16	1.81	0.72
pilot	6.08	6.35	2	5	547	66.58	128	29.44	51	1.76	0.81	1.64	0.62
pire	4.87	6.69	2	4	259	31.52	180	41.02	5	2.66	1.78	1.95	0.83
pirinç	6.5	6.69	2	6	404	49.17	615	140.15	101	2.64	1.4	2.61	1.15
pıhtı	4.4	6.33	2	5	13	1.58	2	0.46	8	1.84	0.97	1.75	0.78
polis	6.28	6.55	2	5	1308	159.2	1076	245.21	278	1.92	1.02	1.71	0.79
pomat	2.74	5.21	2	5	0	0	0	0	1	4.97	2.29	3.5	1.65
prensip	2.85	1.98	3	7	43	5.23	3	0.68	61	4.91	2.16	3.28	1.58
protein	3.29	5.17	4	7	438	53.31	23	5.24	64	4.01	1.99	2.97	1.08
punto	3.32	4.92	2	5	12	1.46	2	0.46	1	5.8	1.94	3.5	1.93
pusu	3.39	4.39	2	4	84	10.22	48	10.94	7	3.96	2.08	2.7	1.17
radyo	6.47	6.75	2	5	658	80.09	226	51.5	140	2.11	1.32	1.79	0.72
radyum	2.61	5.32	2	6	15	1.83	0	0	2	6.24	1.62	3.93	2.09
rahatsız	2.9	2.6	3	8	952	115.87	0	0	21	2.33	1.28	1.85	0.8
rakam	5.89	4.14	2	5	1483	180.5	78	17.78	148	2.02	1.06	1.86	0.76
rakip	4.04	4.7	2	5	704	85.69	132	30.36	117	2.91	1.64	2.21	0.94
reklam	5.06	5.39	2	6	526	64.02	235	53.55	211	2.97	2.06	1.68	0.78
rezalet	2.6	2.69	3	7	31	3.77	16	3.65	31	3.86	2.04	2.61	1.18
röfle	3.81	5.94	2	5	0	0	1	0.23	1	5.47	2.08	3.3	1.61
rüzgâr	5.14	6.09	2	6	2816	342.74	1448	333.04	185	1.83	0.87	1.7	0.68
sabır	2.77	1.5	2	5	424	51.61	366	84.18	44	2.93	1.81	2.09	0.91
sadist	3.55	3.81	2	6	0	0	0	0	1	3.57	1.97	2.46	1.07
sadık	2.88	2.07	2	5	310	37.73	104	23.92	32	5.71	1.97	3.54	1.85
sağlam	3.58	3.66	2	6	731	88.97	305	69.51	120	2.26	1.25	1.92	0.8
şahane	3.23	2.02	3	6	182	22.15	68	15.64	11	2.7	1.72	1.97	0.81
sahil	6.29	6.38	2	5	585	71.2	263	59.93	73	1.92	1.04	1.7	0.88
şair	4.99	5.59	2	4	337	41.02	609	138.78	125	2.34	1.53	1.82	0.68
salata	6.51	6.79	3	6	530	64.51	120	27.35	72	2.63	1.54	2.03	0.82
salon	5.59	6.33	2	5	1670	203.26	1482	337.73	244	2.14	1.23	1.89	0.8
şalter	5.09	6.73	2	6	22	2.68	1	0.23	6	2.77	1.85	1.98	0.78
şamata	3.81	3.46	3	6	39	4.75	88	20.05	3	4.76	2.21	3.46	1.69
sanatçı	4.5	5.14	3	7	363	44.18	198	45.12	219	4.16	2.16	2.73	1.43
sandık	6.47	6.86	2	6	833	101.39	585	133.31	17	3.93	2.09	2.67	1.24
saray	6.05	6.56	2	5	1091	132.79	1768	406.64	129	1.88	0.99	1.59	0.61
sarp	3.82	4.44	1	4	67	8.15	111	25.53	1	4.28	2.05	2.92	1.19
sarsıcı	2.68	2.68	3	7	0	0	13	2.96	4	2.05	1.11	1.68	0.78
sazlık	4.93	6.52	2	6	58	7.06	36	8.2	2	3.43	2.09	2.88	1.28
şebek	4.14	5.56	2	5	5	0.61	4	0.91	1	2.76	1.66	2.03	0.8
sebze	6.19	6.71	2	5	1457	177.34	244	55.6	128	3.45	1.92	2.36	1
seçmen	4.82	6.2	2	6	6	0.73	5	1.14	52	2.02	1.03	1.84	0.84
şeffaf	4.35	4.37	2	6	89	10.83	33	7.52	12	1.65	0.8	1.57	0.71
şeker	6.18	6.63	2	5	1895	230.65	862	196.44	143	4.44	2.01	3.02	0.99
selam	4.21	4.13	2	5	1530	186.22	74	16.86	67	2.25	1.26	2.02	0.9
semer	4.38	6.42	2	5	25	3.04	42	9.57	1	1.88	0.96	1.7	0.69
serbest	2.37	2.09	2	7	832	101.27	159	36.23	108	3.06	1.89	2.34	1.17
sergi	5.94	6.11	2	5	456	55.5	153	34.87	71	2.07	1.08	1.78	0.82
serin	3.92	5.03	2	5	378	46.01	499	114.77	50	2.34	1.27	2.03	0.84
ses	4.33	5.45	1	3	18425	2,242.57	12403	2826.48	1113	3.84	2.14	2.44	1.03
sesteş	2.89	3.33	2	6	23	2.8	0	0	1	4.73	2.3	3.15	1.67
sevap	2.61	1.64	2	5	64	7.79	21	4.83	19	2.54	1.57	2.04	0.89
sevgi	3.5	1.73	2	5	2093	254.75	1830	420.9	294	5.17	2.1	3.31	1.49
sevgili	5.3	4.69	3	7	71	8.64	1184	269.82	257	2.21	1.37	1.93	0.82
sevinç	3.58	1.74	2	6	1066	129.75	2343	538.89	124	2.5	1.57	2.03	0.84
seyirci	6.16	6.47	3	7	534	64.99	234	53.33	85	4.54	2.15	2.85	1.18
sezon	2.76	3.59	2	5	76	9.25	5	1.14	66	1.63	0.83	1.48	0.61
sicil	2.85	3.79	2	5	4	0.49	2	0.46	15	1.71	0.72	1.62	0.63
şiddetli	3.48	2.43	3	8	331	40.29	0	0	53	1.68	0.74	1.61	0.64
sigara	6.52	6.78	3	6	186	22.64	318	72.47	315	2.51	1.61	1.84	0.84
sinema	5.92	5.59	3	6	750	91.29	710	161.8	265	4.6	2.14	3.05	1.34
sığlık	2.88	3.71	2	6	0	0	1	0,23	1	4.14	2.05	2.8	0.94
sıkı	2.91	3.89	2	4	713	86.78	749	170.69	102	5.32	2.08	3.55	1.66
slogan	3.97	4.57	2	6	185	22.52	18	4.1	57	3.47	2	2.28	1.07
sofra	6.27	6.37	2	5	720	87.63	731	166.59	93	3.58	2.22	2.04	0.94
soğan	6.36	6.9	2	5	478	58.18	192	43.75	95	3.03	1.88	2.37	1.06
soğuk	4.98	5.43	2	5	2579	313.9	1034	235.63	240	4.4	2.02	2.93	0.88
sohbet	4.57	3.83	2	6	932	113.44	481	109.61	77	4.49	2.23	2.71	1.27
şok	3.23	2.51	1	3	329	40.04	92	20.97	67	4.47	2.12	2.8	1.22
solo	3.38	4.33	2	4	36	4.38	10	2.28	1	1.26	0.5	1.17	0.4
somut	3.35	3.18	2	5	71	8.64	43	9.8	64	2.4	1.41	1.96	0.88
sondaj	3.69	5.77	2	6	34	4.14	0	0	5	2.41	1.23	2.08	0.89
sonsuz	2.44	1.51	2	6	749	91.16	0	0	100	3.25	1.81	2.71	1.39
sörf	5.53	6.3	1	4	214	26.05	8	1.82	9	4.8	2.2	3.56	1.71
sos	5.37	6.64	1	3	456	55.5	43	9.8	100	3.88	2.11	2.77	1.2
soytarı	5.56	5.24	3	7	38	4.63	31	7.06	1	3.58	1.98	2.42	1.25
soyut	2.48	1.51	2	5	99	12.05	42	9.57	55	2.38	1.67	1.65	0.68
standart	2.86	2.47	3	8	233	28.36	10	2.28	153	1.36	0.56	1.28	0.52
su	6.49	6.8	1	2	19751	2,403.96	7734	1778.82	1537	2.88	1.71	2.25	0.84
suç	3.45	2.48	1	3	774	94.21	994	226.52	221	2.9	1.6	2.23	0.97
suçlu	3.74	4.69	2	5	327	39.8	0	0	58	4.29	2.17	2.77	1.24
sulak	3.41	5.04	2	5	196	23.86	22	5.06	1	3.17	1.91	2.5	1.24
sülün	2.45	5.53	2	5	8	0.97	33	7.59	4	3.42	2.01	2.63	1.27
süngü	4.82	6.55	2	5	33	4.02	19	4.33	1	3.59	1.96	2.37	0.91
şüphe	3.16	1.61	2	5	377	45.89	171	38.97	70	1.41	0.64	1.38	0.54
süresiz	1.72	2.15	3	7	1	0.12	0	0	3	2.85	1.59	2.24	0.9
sürpriz	3.43	2.71	2	7	1222	148.73	370	84.32	49	3.79	2.1	2.43	0.9
süt	6.42	6.79	1	3	3124	380.23	810	184.59	200	3.34	1.9	2.35	1.06
tabanca	6.44	6.93	3	7	216	26.29	147	33.5	72	2.07	1.26	1.84	0.85
tabu	3.2	2.25	2	4	7	0.85	3	0.68	14	5.11	2.14	2.92	1.19
tabure	5.88	6.7	3	6	55	6.69	72	16.41	13	2.26	1.45	1.97	0.85
tahta	6.24	6.94	2	5	1979	240.87	936	213.3	155	1.95	0.99	1.81	0.76
takat	2.11	2.52	2	5	16	1.95	8	1.82	1	4.39	2.22	2.94	1.29
takoz	4.8	6.46	2	5	8	0.97	1	0.23	7	3.85	2.04	2.89	1.3
taksi	6.38	6.79	2	5	278	33.84	260	59.25	56	2.37	1.52	1.79	0.78
taksit	3.92	4.58	2	6	67	8.15	16	3.65	89	4.13	2.14	2.52	1.13
tane	3.76	4.76	2	4	6480	788.7	1729	394.02	273	1.85	0.9	1.75	0.76
tanıtım	3.45	3.72	3	7	231	28.12	43	9.8	63	3.95	2.04	2.56	1
taşıt	5.93	6.63	2	5	854	103.94	111	25.3	92	2.4	1.48	1.91	0.89
tatil	4.76	3.31	2	5	1350	164.31	758	172.74	165	2.38	1.49	1.92	0.77
tavuk	6.69	6.88	2	5	1328	161.64	0	0	92	1.5	0.64	1.46	0.53
taze	4.03	3.94	2	4	628	76.44	346	78.85	120	2.05	1.03	1.8	0.79
tehlike	3.19	2.57	3	7	2360	287.24	763	173.88	195	2.36	1.35	2.04	0.87
teke	4.23	6.04	2	4	41	4.99	11	2.51	1	3.55	2.13	2.92	1.67
tekne	6.25	6.84	2	5	819	99.68	536	122.15	108	2.5	1.69	1.83	0.74
telaş	4.16	2.49	2	5	507	61.71	753	171,6	58	2.73	1.51	2.3	0.97
televizyon	6.55	6.89	4	10	1736	211.29	1141	260.02	406	2.73	2.23	1.32	0.47
temas	3.9	4.6	2	5	328	39.92	45	10.25	52	3.3	1.99	2.38	1.05
temiz	4.33	3.89	2	5	982	119.52	580	132.17	168	1.74	0.82	1.72	0.64
tenis	5.91	6.05	2	5	318	38.7	52	11.85	37	3.56	2.11	2.32	0.99
tepsi	6.13	6.75	2	5	349	42.48	330	75.2	69	1.84	0.84	1.77	0.69
ter	6.02	6.55	1	3	596	72.54	827	188.46	74	1.86	0.97	1.75	0.83
terazi	6.3	6.58	3	6	316	38.46	63	14.36	10	2.28	1.14	2.03	0.86
terslik	2.91	2.26	2	7	10	1.22	0	0	6	3.37	1.86	2.54	1.09
tilki	6.21	6.79	2	5	548	66.7	599	137.77	22	4.42	2.26	2.72	1.39
titiz	3.72	2.48	2	5	56	6.82	71	16.18	26	2	1.13	2.67	0.94
tıknaz	3.92	4.48	2	6	7	0.85	8	1.82	1	3.56	1.94	1.6	0.65
tıp	3.87	3.41	1	3	430	52.34	116	26.43	55	1.65	0.71	2.44	1.16
tırnak	6.62	6.9	2	6	450	54.77	433	98.67	62	3.89	2.16	1.78	0.75
tırtık	3.41	5.32	2	6	51	6.21	1	0.23	1	3	1.74	2.28	1
torba	6.03	6.87	2	5	528	64.26	800	182.31	96	1.85	0.75	1.82	0.67
tortul	3.14	5.52	2	6	36	4.38	2	0.46	1	5.03	2.19	2.9	1.49
toz	5.26	6.09	1	3	1440	175.27	998	229.54	111	1.81	0.91	1.65	0.68
trafik	5.92	5.35	3	6	2076	252.68	205	46.72	368	2.68	1.72	1.88	0.69
tren	6.45	6.9	2	4	1223	148.86	479	109.16	83	1.97	1.09	1.67	0.66
tuhaf	3.16	1.88	2	5	1064	129.5	1189	270.96	79	3.18	5.06	2.25	1.1
tüketim	3.42	3.73	3	7	273	33.23	18	4.1	135	3.97	2.06	2.62	1.01
turizm	3.67	3.28	2	6	163	19.84	48	10.94	120	4.21	2.17	2.44	1.04
tutku	3.85	2.14	2	5	129	15.7	192	43.75	62	3.8	2.06	2.51	1.05
tütün	6.07	6.82	2	5	22	2.68	93	21.19	28	3.51	1.97	2.79	1.21
tüy	5.51	6.68	1	3	1559	189.75	1056	242.88	78	1.91	0.98	1.72	0.77
uçak	6.47	6.91	2	4	2429	295.64	781	177.98	194	2.09	1.31	1.65	0.73
ücret	4.39	5.2	2	5	271	32.98	103	23.47	177	2.78	1.82	1.82	0.8
uçuş	4.3	4.72	2	4	233	28.36	344	79.12	20	3.23	1.82	2.64	1.17
uğultu	3.56	4.77	3	6	89	10.83	268	61.07	23	2.93	1.76	2.2	0.98
uğur	2.73	1.58	2	4	340	41.38	336	76.57	51	1.79	0.81	1.7	0.71
ülser	3.44	5.1	2	5	4	0.49	2	0.46	16	3.58	2.28	2.46	1.43
ümitli	2.8	2.1	3	6	4	0.49	0	0	3	2.62	1.6	2	0.86
un	6.39	6.84	1	2	1059	128.89	233	53.1	119	4.11	2.03	2.97	1.2
üretici	3.35	5.06	4	7	123	14.97	16	3.68	100	1.49	0.63	1.41	0.54
urgan	4.73	6.14	2	5	43	5.23	40	9.12	1	3.34	1.95	2.27	1.06
üşengeç	3.62	3.06	3	7	2	0.24	37	8.43	1	3.34	1.96	2.32	0.99
ütopya	3.04	1.61	3	6	3	0.37	6	1.37	11	1.81	1.01	1.61	0.67
uyarı	3.01	3.28	3	5	550	66.94	268	61.07	107	3.7	2.04	2.53	1.2
uygarlık	3.81	3.1	3	8	216	26.29	0	0	61	1.84	0.98	1.57	0.69
uyku	4.85	3.4	2	4	2698	328.38	1971	449.16	163	3	1.86	2.04	0.85
uyum	2.74	2.06	2	4	420	51.12	263	59.93	139	5.37	2.01	4.06	1.85
uyumlu	2.89	2.1	3	6	194	23.61	0	0	55	3.26	1.87	2.23	0.93
uzak	3.65	2.87	2	4	624	75.95	2914	664.06	444	3.49	1.97	2.34	1.15
uzay	4.89	4.64	2	4	4739	576.8	760	173.19	62	3.37	1.93	2.58	1.34
üzüm	6.57	6.93	2	4	562	68.4	0	0	61	5.83	1.88	3.43	1.45
uzun	4.65	4.68	2	4	7769	945.59	5278	1202.79	781	1.52	0.59	1.47	0.54
vali	5.09	6.11	2	4	144	17.53	180	41.02	80	3.39	1.8	2.75	1.12
varlık	3.14	3.78	2	6	1701	207.03	653	148.81	349	2.95	1.72	2.1	0.92
vatan	4.06	4.43	2	5	906	110.27	234	53.82	58	2.52	1.33	2.19	1.01
vicdan	2.32	1.39	2	6	91	11.08	82	18.69	75	3.47	2	2.46	1.15
virüs	3.13	5.13	2	5	514	62.56	93	21.19	97	4.61	2.07	3.28	1.37
viski	6.05	6.83	2	5	2	0.24	11	2.51	27	4.95	2.1	3.11	1.25
vitrin	5.99	6.56	2	6	117	14.24	216	49.22	64	3.43	1.92	2.46	1.06
yağcılık	3.07	2.39	3	8	0	0	2	0.46	4	4.2	2.13	2.86	1.31
yağış	5.87	6.04	2	5	331	40.29	0	0	24	2.32	1.23	2.01	0.79
yağmur	6.45	6.55	2	6	3410	415.04	1746	401.58	160	1.64	0.69	1.58	0.68
yakıt	4.98	6.48	2	5	600	73.03	39	8.89	72	3.21	1.79	2.43	1.03
yalan	2.68	2.35	2	5	1031	125.49	1069	243.61	127	2.05	1.1	1.84	0.76
yalı	6.02	6.73	2	4	32	3.89	47	10.71	18	3.67	2.13	2.59	1.22
yama	5.41	6.45	2	4	58	7.06	58	13.34	1	2.76	1.59	2.44	1.13
yangın	5.74	6.07	2	6	827	100.66	218	49.68	103	1.95	1.02	1.71	0.67
yansız	2.59	2.29	2	6	3	0.37	0	0	6	4.24	2.16	2.8	1.52
yara	5.71	6.21	2	4	661	80.45	1227	282.21	82	1.71	0.78	1.68	0.72
yardım	3.47	2.92	2	6	9029	1,098.95	2327	530.29	289	2.12	1.18	1.87	0.8
yarım	4.52	4.37	2	5	1756	213.73	788	179,57	131	2.06	1.15	1.72	0.71
yarış	4.81	4.83	2	5	1889	229.92	602	138.46	101	2.02	1.07	1.7	0.72
yastık	6.57	6.91	2	6	467	56.84	434	98.9	77	1.44	0.59	1.38	0.56
yatsı	3.6	4.39	2	5	56	6.82	18	4.1	1	2.8	1.61	2.33	1.01
yavru	4.85	5.52	2	5	3341	406.64	1724	392.88	122	1.82	0.92	1.61	0.7
yeni	3.49	2.62	2	4	9733	1,184.64	4567	1040.76	1597	1.67	0.74	1.5	0.57
yoga	4.4	3.38	2	4	22	2.68	15	3.42	5	5.35	2.08	3.06	1.55
yoğurt	6.51	6.79	2	6	729	88.73	126	28.71	71	1.63	0.75	1.51	0.6
yonca	6.04	6.6	2	5	72	8.76	73	16.79	3	2.68	1.69	2.16	1.07
yorgun	4.61	3.41	2	6	589	71.69	1056	240.65	100	2.18	1.22	1.83	0.79
yorgunluk	4.2	2.8	3	9	64	7.79	0	0	63	2.44	1.49	1.93	0.91
yorum	2.76	2.37	2	5	376	45.76	197	44.89	97	3.85	2.05	2.45	1.04
yüce	3.56	1.78	2	4	420	51.12	411	93.66	81	3.3	1.92	2.41	1.15
yüzük	6.7	6.81	2	5	224	27.26	305	69.51	50	1.95	1.08	1.73	0.76
zaman	2.58	2.19	2	5	26977	3,283.46	13496	3104.08	2394	2.02	1.14	1.7	0.74
zarar	3.17	2.41	2	5	2648	322.3	794	180.94	245	2.3	1.33	2	0.87
zararlı	2.92	2.59	3	7	579	70.47	0	0	84	1.99	1.06	1.86	0.76
zekâ	2.92	2.33	2	4	834	101.51	94	21.42	66	2.35	1.29	1.92	0.82
zeki	3.69	2.29	2	4	629	76.56	192	44.16	39	2.27	1.31	1.82	0.74
zeytin	6.51	6.92	2	6	610	74.25	352	80.22	64	1.7	0.77	1.59	0.66
zihin	2.91	2.5	2	5	912	111	166	37.83	77	4.48	2.29	2.98	1.34
zılgıt	3.48	4.01	2	6	2	0.24	12	2.73	1	3.12	1.84	2.3	1.1